subreddit,community_id
oscars,0
martinscorsese,0
westerns,0
90s,0
80sdesign,0
90s_kid,0
moviesuggestions,0
letterboxdlists,0
fuckimold,0
cinephiles,0
boxoffice,0
martysupreme,0
gameshow,0
ryenrussillo,0
billsimmons,0
societyofghostface,0
stanleykubrick,0
80shorrormovies,0
80smemorylane,0
weaponsmovie,0
avatar,0
classicfilms,0
actors,0
xennials,0
moviescave,0
theexorcist,0
terminator,0
letterboxd,0
1980s,0
horror,0
coenbrothers,0
television,0
nostalgia,0
letterboxdtopfour,0
film,0
scream,0
oldschoolcool80s,0
the1980s,0
80s,0
genz,0
90smemorylane,0
decadeologycirclejerk,0
movies,0
silentfilm,0
areyouafraidofthedark,0
davidlynch,0
godfather,0
popculturechat,0
livefromnewyork,0
iwatchedanoldmovie,0
millennials,0
safdie,0
kungfucinema,0
baywatch,0
tarantino,0
1970s,0
films,0
videos,0
cinema,0
filmnoir,0
sundance,0
moviesthatfeellike,0
slasherfilms,0
thebigpicture,0
oscarrace,0
goodfellas,0
millenials,0
davidfincherreddit,0
fauxmoi,0
thepriceisright,0
johncarpenter,0
lv426,0
90stelevision,0
robocop,0
90smovies,0
predator,0
quentintarantino,0
warmovies,0
halloweenmovies,0
wesanderson,0
moviecritic,0
vintageads,0
2000snostalgia,0
hbo,0
decadeology,0
decadeologyanarchy,0
70smovies,0
jaws,0
oliviarodrigo,0
foundfootage,0
aestheticwiki,0
nostalgiai,0
generationology,0
80smovies,0
a24,0
2000smemorylane,0
actionmovies,0
hitchcock,0
twinpeaks,0
documentaries,0
scorsesememes,0
generationjones,0
oldschoolcool,0
aliensrhere,1
strangeearth,1
zoology,1
ufo,1
mysteriesoftheworld,1
godzillamemes,1
ufos,1
interdimensionalnhi,1
godzilla,1
tokusatsu,1
conspiracy_commons,1
sciences,1
allthatsinteresting,1
exposingcabalrituals,1
experiencers,1
holyshithistory,1
biology,1
paleontology,1
aliens,1
prehistoricmemes,1
microscopy,1
ecology,1
kamenridermemes,1
powerrangers,1
microbiology,1
hotsciencenews,1
conspiracy,1
evolution,1
ultraman,1
gamera,1
supersentai,1
ufob,1
sciencencoolthings,1
ani_communism,2
anarchafeminism,2
lgbt,2
youtubethumbnailhub,2
latestagecapitalism,2
capitalismvsocialism,2
transgender,2
marxistculture,2
newtubers,2
palestine,2
promaleassociation,2
jewsofconscience,2
cinema_egypt,2
socialism,2
breadtube,2
socialistmusic,2
arabs,2
informedtankie,2
leftnewshub,2
chomsky,2
radicalchristianity,2
suppressed_news,2
radicalegalitarianism,2
left_news,2
anarchocommunism,2
alltheleft,2
feminismuncensored,2
leftwingmaleadvocates,2
youtubeviews,2
askconservatives,2
socialism_101,2
newyoutubechannels,2
egypt,2
communismmemes,2
askaliberal,2
marxistra,2
metaphysics,2
feminisms,2
badphilosophy,2
lgbtnews,2
anticapitalism,2
everydaymisandry,2
unknownvideos,2
gay,2
modernsocialist,2
neoliberal,2
anarchism,2
criticaltheory,2
asklgbt,2
anarchy4everyone,2
seculartalk,2
israelcrimes,2
ethics,2
crimethinc,2
newswithjingjing,2
mensrights,2
redditmasr,2
marxism_memes,2
intactivism,2
shortsalgorithm,2
workersstrikeback,2
nonbinary,2
androgynoushotties,2
themajorityreport,2
sino,2
ussr,2
union,2
youtube_startups,2
feminism,2
leftoversh3,2
tankiethedeprogram,2
anarchy101,2
sinophobiawatch,2
capitalismsux,2
socialdemocracy,2
antiwar,2
videoessay,2
youtubecreators,2
antifascistsofreddit,2
revolutionaryunity,2
politicaldebate,2
antimoneymemes,2
hasan_piker,2
socialistgaming,2
anarchopunks,2
genzhukov2024,2
leftist,2
politicaldiscussion,2
askpolitics,2
badhasbara,2
radicalfeminism,2
philosophy,2
myheroacadamia,3
naruto,3
jujutsufolk,3
jujutsukaisen,3
chainsawman,3
bokunoheroacademia,3
chainsawfolk,3
animequestions,3
kimetsunoyaiba,3
frieren,3
bokunometaacademia,3
eliteweebs,3
anime,3
myheroacademia,3
boruto,3
anime_irl,3
isekai,3
rezero,3
mha,3
animemes,3
danmachi,3
animeanonymous,3
comics,4
sadcomics,4
webcomics,4
comicstrips,4
webtoons,4
funny,4
webtooncanvas,4
councilofcats,5
kitty,5
cats,5
lasereyedcats,5
curledfeetsies,5
toebeans,5
orangecats,5
catsbeingcats,5
oneorangebraincell,5
airplaneears,5
catsmirin,5
awww,5
random_memes,5
drillcats,5
oneblackbraincell,5
cutecatspics,5
petthedamncat,5
tuckedinkitties,5
catscarryingstuffies,5
eyesofthevoid,5
murdermittens,5
whatswrongwithyourcat,5
catsnamedafterfoods,5
gingermafia,5
onlypaws,5
awwww,5
cathostage,5
whiskerfireworks,5
standardissuecat,5
catswithjobs,5
catmemes,5
cutecats,5
catpics,5
donotthecat,5
roastmycat,5
blackcats,5
churchofcat,5
aww,5
bathroombuddy,5
catslivingandwell,5
gingercats,5
grapheneos,6
chrome_extensions,6
privacy,6
salestechniques,6
googlegeminiai,6
entrepreneurs,6
artificial,6
sideproject,6
artificialinteligence,6
artificialsentience,6
askmarketing,6
artificialntelligence,6
saassales,6
digitalmarketing,6
learnmachinelearning,6
microsaas,6
anthropic,6
chatgpt,6
digital_marketing,6
claudeai,6
smallbusiness,6
googlegemini,6
saas,6
menandfemales,7
persecutionfetish,7
justneckbeardthings,7
countwithchickenlady,7
accidentalally,7
religiousfruitcake,7
nothowgirlswork,7
rightjerk,7
arethecisok,7
forwardsfromklandma,7
libjerk,7
sillyboyclub,7
arethestraightsok,7
thathappened,7
shitfascistssay,7
stupidpeoplefacebook,7
blatantmisogyny,7
insanepeoplefacebook,7
egg_irl,7
pointlesslygendered,7
traaaaaaannnnnnnnnns2,7
inceltears,7
creepypms,7
lgbtmemes,7
inceltear,7
saltierthankrayt,7
forwardsfromgrandma,7
enoughidwspam,8
atheism,8
enoughpetersonspam,8
daverubin,8
decodingthegurus,8
skeptic,8
volteuropa,9
europeanfederalists,9
eutech,9
europeanunion,9
mawinstallation,10
galactus,10
mylittlememes,10
powerscales,10
transformemes,10
mylittlepony,10
genv,10
superheroes,10
backtothefuture,10
arrowverse,10
monkeyspaw,10
andor,10
starwars,10
fivenightsatfreddys,10
wouldyourather,10
joker,10
rauleesparza,10
scarletwitch,10
lawandorder,10
atla,10
howislivingthere,10
thebatmanfilm,10
topcharactertropes,10
moviescirclejerk,10
transformers,10
starwarsblackseries,10
spiderman,10
dccomics,10
hypotheticalsituation,10
batmancomics,10
marvelcirclejerk,10
lgbt_superheroes,10
actionfigures,10
moonknight,10
superdickery,10
topcharacterdesigns,10
batman_comics,10
askanything,10
rivals,10
warcollege,10
outofcontextcomics,10
marvelrivals,10
dccomicscirclejerk,10
asksciencefiction,10
originalcharacterdb,10
thelastairbender,10
arkham,10
deathbattlematchups,10
askhistory,10
marvel,10
fantasticfour,10
justiceleague,10
whowouldwin,10
ryangosling,10
batmanarkham,10
batman,10
characterrant,10
superman,10
comicbooks,10
okbuddyzanduriangoula,10
avengers,10
okbuddycinephile,10
marvellegends,10
wandavision,10
okbuddyretard,10
allthequestions,10
marvel_daredevil,10
dcau,10
gamingcirclejerk,10
historywhatif,10
harleyquinn,10
joker_folieadeux,10
svu,10
invisiblewomanmains,10
fivenightsatfredbears,10
shittymoviedetails,10
marvelstudios,10
mendrawingwomen,10
curatedtumblr,10
theboys,10
transformerstrading,10
agathaallalong,10
dcallies,10
daredevil,10
ben10,10
gamingunjerk,10
marvelrivalscirclejer,10
rivalsvenommains,10
hardware,11
android,11
apple,11
karensinthewild,12
entitledkarens,12
karensoftiktok,12
galaxys26ultra,13
xboxseriess,13
galaxys23ultra,13
assassinscreed,13
buildapc,13
indiegames,13
samsunggalaxy,13
gaming,13
verizon,13
ps4,13
assassinscreedvalhala,13
pathfinder_kingmaker,13
horrorgames,13
rpg_gamers,13
videogames,13
s21ultra,13
pixelart,13
godot,13
assasinscreed,13
metroidvania,13
microsoft,13
indiedev,13
pchelp,13
xbox,13
tomorrow,13
samsung,13
techsupport,13
crpg,13
ps5,13
games,13
assassinscreedshadows,13
pixelarttutorials,13
samsunghelp,13
indiangaming,13
coopgaming,13
baldursgate,13
xboxgamepass,13
unity2d,13
pcmasterrace,13
roguelites,13
discoelysium,13
galaxys21,13
indiegaming,13
fucknintendo,13
pcgaming,13
pcbuild,13
nintendo,13
unity3d,13
nintendoswitch2,13
leopardsatemyface,14
kamala,14
democrats,14
kamalaharris,14
india,15
indianfocus,15
librandu,15
teensofmaharashtra,15
unitedstatesofindia,15
delhi,15
indiansocialistsmemes,15
indiameme,15
indiansocialists,15
indianworkers,15
teenindia,15
maharashtra,15
aurangabad,15
indianleft,15
iamverybadass,16
unexpected,16
iamatotalpieceofshit,16
nextfuckinglevel,16
perfectlycutscreams,16
wellthatsucks,16
cringetiktoks,16
guysbeingdudes,16
clevercomebacks,16
wtf,16
workreform,16
facepalm,16
crazyfuckingvideos,16
opticalillusions,16
kidsarefuckingstupid,16
mildlysatisfying,16
interestingasfuck,16
blackmagicfuckery,16
wholesome,16
spreadsmile,16
wikipedia,16
fuckyouinparticular,16
cringe,16
mildlybaddrivers,16
beamazed,16
publicfreakout,16
couplememes,16
sipstea,16
sweatypalms,16
blursed_videos,16
whatcouldgowrong,16
dashcams,16
funnyvideos,16
todayilearned,16
fightporn,16
therewasanattempt,16
makemesmile,16
woahdude,16
funnyanimals,16
amazing,16
damnthatsinteresting,16
maybemaybemaybe,16
sadcringe,16
oddlysatisfying,16
sadposting,16
parentsarefuckingdumb,16
thatsinsane,16
instantkarma,16
mademesmile,16
winstupidprizes,16
imthemaincharacter,16
interesting,16
weird,16
perfectlycutbooms,16
iamthemaincharacter,16
creepy,16
foundsatan,16
terrifyingasfuck,16
natureisfuckinglit,16
instant_regret,16
watchpeopledieinside,16
holup,16
strangeandfunny,16
doohickeycorporation,16
randomvideos,16
stupidmedia,16
videosthatgohard,16
idiotsincars,16
baseball,17
sports,17
nflmemes,17
nfcwestmemewar,17
cowboys,17
nfceastmemewar,17
denverbroncos,17
phillies,17
nfl,17
eagles,17
kansascitychiefs,17
nyyankees,17
patriots,17
nflv2,17
collegebasketball,17
macro,18
naturephotography,18
birdphotography,18
amateurphotography,18
landscapephotography,18
sunrise,18
fujifilm,18
landscape,18
cameras,18
birding,18
naturepics,18
casual_photography,18
sonyalpha,18
outdoors,18
borb,18
travelporn,18
askredditespanol,18
macrophotography,18
flowers,18
photos,18
fossils,18
flower,18
minimalistphotography,18
plants,18
landscapes,18
birdbutts,18
ornithology,18
plantclinic,18
birdsofprey,18
mountains,18
fossilporn,18
houseplants,18
itookapicture,18
forest,18
sunset,18
abandoned,18
colorpink,18
pics,18
roadtrip,18
lakeporn,18
earthporn,18
natureisbeautiful,18
nikon,18
blackandwhite,18
owls,18
entomology,18
birds,18
hummingbirds,18
ocean,18
wildlifephotography,18
moon,18
birdpics,18
squirrels,18
birdwatching,18
earthisawesome,18
geology,18
insects,18
natureporn,18
mascotas,18
succulents,18
indoorgarden,18
streetphotography,18
army,19
nationalguard,19
garfield,20
thegoldengirls,20
cynthiaerivolove,20
cartoons,20
disneymemes,20
transit,20
disneychannel,20
pixar,20
aussunscreen,20
schaffrillas,20
frozen,20
alastorcult,20
wicked,20
howyoudoin,20
broadway,20
americandad,20
westend,20
dolls,20
himym,20
thewestend,20
thomasthetankengine,20
wickedmovie,20
highschoolmusical,20
smilingfriends,20
bobsburgers,20
singing,20
nickelodeon,20
foresthills,20
spongebob,20
hazbin,20
shrek,20
chowder,20
aussiememes,20
fuckcars,20
micromobilitynyc,20
moana,20
rugrats,20
kingofthehill,20
disneymovies,20
familyguy,20
fullmetalalchemist,20
glee,20
sitcoms,20
howimetyourmother,20
scoobydoo,20
wizardofoz,20
thomasthedankengine,20
cheers,20
musicaltheatre,20
trains,20
lionking,20
frasier_sleepers,20
frasier,20
musicals,20
disneyprincess,20
friends_tv_show,20
samuraijack,20
roseanne,20
toys,20
hsmtmts,20
fullhouse,20
rainbowhigh,20
thomasgames,20
arthur,20
lutecult,20
wiggles,20
boymeetsworld,20
beverlyhills90210,20
savedbythebell,20
fairlyoddparents,20
sondheim,20
goldengirlstv,20
lostlostlostredditors,21
aislop,21
lovethissmug,21
aiseoforbeginners,21
explainthejoke,21
phoenixsc,21
minecraftsuggestions,21
trynottolaugh,21
googleaigonewild,21
findareddit,21
minecraftbuilds,21
rickroll,21
im14andthisisdeep,21
shermanposting,21
dankmemes,21
yes_or_youllbe_banned,21
propagandaposters,21
oddlyspecific,21
minecraft_survival,21
ontheledgeandshit,21
favoritemedia,21
juxtaposition,21
iate314autistickids,21
relatable,21
competitiveminecraft,21
shitposting,21
meme,21
lostredditor,21
cursedcomments,21
historicalcapsule,21
softwaresniper,21
thefoundlingsgroup,21
iiiiiiitttttttttttt,21
youngpeoplereddit,21
adressme,21
thematpateffect,21
thomastheplankengine,21
peterexplainsthejoke,21
historyporn,21
sixwordstories,21
musicteenager,21
girlsarentreal,21
memes,21
brandnewsentence,21
meirl,21
peoplewhogiveashit,21
funcomunitty,21
bossfights,21
albumcovers,21
multifandom,21
lostx4redditors,21
minecraftbedrockers,21
67hate,21
momentsbeforedisaster,21
addressme,21
songsforthispicture,21
skamtebord,21
ofcoursethatsasub,21
seo_for_ai,21
lol,21
thedualityofman,21
countablepixels,21
youtubethumbs,21
askhereanythingnow,21
redditsings,21
antimeme,21
substakenliterally,21
namesoundalikes,21
me_irl,21
historymemes,21
technoblade,21
seo,21
funnymemes,21
technope,21
lostredditors,21
iswiped,21
mattrose,21
antimemes,21
airankingstrategy,21
rareinsults,21
aisearchanalytics,21
caldruki,21
weezer,21
memevideos,21
foundtheluckycuber999,21
talkinginblue,21
askouijaredux,21
foodquestions,21
minecraftmemes,21
minecraft,21
aibeingstupid,21
lossedits,21
commentmitosis,21
bootleg,21
askouija,21
uselessredcircle,21
zackdfilms,21
unstable_universe,21
memeexchangecommunism,21
shark_park,21
relatable_memes_,21
explainthisscreen,21
hardimages2,21
familyfeud,21
youngpeoplegoogleplay,21
no,21
theletterh,21
bfdi_assets,21
comedyhell,21
shittymobilegameads,21
lostlostredditors,21
comedyheaven,21
whenthe,21
aifails,21
hatethissmug,21
copsbeingbastards,22
badcopnodoughnut,22
civilrights,22
dhspact,22
policebrutality,22
quantum,23
askphysics,23
physics,23
montreal,24
kamloops,24
quebecfinance,24
laval,24
villequebec,24
ttc,24
quebec,24
montrealcycling,24
causerie,24
askto,24
canadapolitics,24
onguardforthee,24
britishcolumbia,24
influencequebec,24
canada,24
edmontonoilers,24
quebecti,24
mcgill,24
alberta,24
quebeccity,24
quebeclibre,24
toranto,24
climatecrisiscanada,24
gatineau,24
ehbuddyhoser,24
canadatravel,24
hamilton,24
toronto,24
ontario,24
solar,25
europe_sub,25
republican_misdeeds,25
technology,25
science,25
50501,25
stevehofstetter,25
nyc,25
europe,25
worldevents,25
freespeech,25
truereddit,25
economics,25
minneapolis,25
futurology,25
singularity,25
classicliterature,25
politics2,25
journalismnews,25
economy,25
washingtondc,25
msnow,25
newsstarworld,25
inflation,25
irstudies,25
literature,25
law,25
aerospace,25
currentevents,25
credibledefense,25
worldnews,25
asksocialists,25
antitrumpalliance,25
missingpersons,25
womeninnews,25
americanpolitics,25
missingbipoc,25
baltimore,25
inlandempire,25
enoughtrumpspam,25
blackpeopletwitter,25
labouruk,25
miami,25
stockmarket,25
space,25
ice_raids,25
maryland,25
climatecrisis,25
enoughmuskspam,25
politicalmemes,25
health,25
environmentalism,25
climatepolicy,25
military,25
colorado,25
mississippi,25
newssource,25
longreads,25
letsdiscussthis,25
tech,25
antitrump,25
nafo,25
chaoticgood,25
ethtrader,25
cuba,25
globalnews,25
discussion,25
whistleblowers,25
bad_cop_no_donut,25
global_news_hub,25
spacex,25
fema,25
london,25
irony,25
goodnews,25
foodforthought,25
electricvehicles,25
worldnewsvideo,25
astronomy,25
nature,25
psychology,25
international,25
unitedkingdom,25
solarenergy,25
thebulwark,25
libdem,25
thepeoplespress,25
solarpunk,25
westpalmbeach,25
politicalhumor,25
water,25
indiana,25
anticonsumption,25
thescoop,25
anime_titties,25
everythingscience,25
spaceporn,25
conservativeterrorism,25
democraticus,25
fredericksburg,25
anythinggoesnews,25
usnewshub,25
airport,25
uknews,25
fednews,25
nova,25
welcometogilead,25
brucespringsteen,25
whitepeopletwitter,25
circled,25
antiwork,25
geopolitics,25
publichealth,25
mlb,25
books,25
coloradosprings,25
scotus,25
energy,25
progressivehq,25
offbeat,25
climate,25
uspolitics,25
fuckthealtright,25
nasa,25
trumpvirus,25
uniteagainsttheright,25
nuclear,25
popculture,25
ukraine,25
ww3memes,25
wisconsin,25
technews,25
california,25
noshitsherlock,25
usnews,25
virginia,25
losangeles,25
anthropology,25
journalism,25
chinaliuxuesheng,25
cryptocurrency,25
ecouplift,25
internationalnews,25
finance,25
sustainability,25
maganazi,25
climateposting,25
nofilternews,25
asklosangeles,25
upliftingnews,25
glasgow,25
breakingnews,25
lakeworth,25
spacevideos,25
mars,25
newmexico,25
renewableenergy,25
volcanoes,25
milwaukee,25
marchagainstnazis,25
iowa,25
newsofthestupid,25
artemisprogram,25
scotlandporn,25
florida,25
ukpolitics,25
newsthread,25
enoughcommiespam,25
collapse,25
pennsylvania,25
minnesota,25
underreportednews,25
texas,25
business,25
spacexlounge,25
newyork,25
agedlikemilk,25
politics,25
spaceflight,25
southflorida,25
scotland,25
war,25
china,25
politicsinthewild,25
chinalife,25
history,25
republicanvalues,25
inthenews,25
houston,25
news,25
iama,25
environment,25
climatechange,25
ukrainianconflict,25
fortlauderdale,25
latinamerica,25
nottheonion,25
denver,25
aboringdystopia,25
longform,25
maine,25
climatenews,25
legalnews,25
cinematography,26
indiefilms,26
filmmaking,26
filmmakers,26
scriptwriting,26
comedy,26
filmmakingonyoutube,26
interdimensionalcable,26
sketchcomedy,26
tvwriting,26
filmproducers,26
screenwriting,26
indiefilm,26
indiemovies,26
standupcomedy,26
shortfilms,26
decidingtobebetter,27
life,27
adulting,27
makenewfriendshere,27
anxiety,27
vent,27
socialskills,27
foreveralone,27
adultgamers,27
mentalhealth,27
lifeadvice,27
selfimprovementday,27
selfimprovement,27
trueoffmychest,27
discordfriends,27
offmychest,27
discipline,27
r4r,27
casualconversation,27
needafriend,27
motivationandmindset,27
getdisciplined,27
chat,27
self,27
onlinefriend,27
selfhelp,27
gamerpals,27
notruckpalace,28
bfcia,28
inanimateinsanity,28
bfdi,28
foundobjectshowsimp,28
battlefordreamisland,28
objectshows,28
k41fanclub,28
redhotchilipeppers,29
blues,29
indie_rock,29
deathcore,29
metalforthemasses,29
rockmusic,29
acdc,29
rollingstones,29
abba,29
oldskoolrave,29
grunge,29
heavymetal,29
punk,29
emo,29
thedoors,29
blacksabbath,29
depechemode,29
edm,29
monkees,29
ratm,29
pearljam,29
judaspriest,29
metallica,29
paulmccartney,29
shoegaze,29
hardcore,29
music,29
beatlescirclejerk,29
davidbowie,29
jazz,29
metalcore,29
poppunkers,29
house,29
veganrecipes,30
veganivore,30
vegetarianism,30
veganactivism,30
eaanimaladvocacy,30
animalrights,30
vegansnacks,30
vegan,30
veganism,30
vegancirclejerk,30
vegan_food,30
plantbaseddiet,30
wheresthebeef,30
circlesnip,30
veganfoodporn,30
btc,31
wallstreetbetscrypto,31
bitcoin,31
altscope,31
cryptocurrencypulse,31
cryptonews,31
experienceddevs,32
csmajors,32
csharp,32
cozyplaces,32
webdev,32
web_design,32
frontend,32
jobhunting,32
dotnet,32
architecture,32
jobs,32
reactjs,32
graphic_design,32
css,32
indiatech,32
cybersecurity,32
careeradvice,32
react,32
pwnhub,32
careerguidance,32
design,32
cscareerquestions,32
webdesign,32
itcareerquestions,32
tailwindcss,32
userexperiencedesign,32
femalelivingspace,32
architectureporn,32
learnprogramming,32
uiux,32
churchporn,32
komi_memes,33
wii,33
ocarinaoftime,33
breath_of_the_wild,33
pikmin,33
idwsonic,33
persona4golden,33
retrogaming,33
jakanddaxter,33
persona5,33
shadowthehedgehog,33
papermario,33
smashbrosultimate,33
mariokart,33
invincible,33
ridgeracer,33
tales,33
ratchetandclank,33
finalfantasyvi,33
sonicmemes,33
donkeykong,33
mario,33
playstation,33
ps1,33
gamecollecting,33
jrpg,33
crashbandicoot,33
segagenesis,33
legendofzelda,33
ffviiremake,33
invincible_tv,33
pacman,33
invinciblememes,33
kirby,33
n64,33
sonicexe,33
moonpissing,33
avatarmemebending,33
finalfantasyix,33
sonic,33
silverthehedgehog,33
metaphorrefantazio,33
gamecube,33
introvertmemes,33
sonicthehedgehog,33
sega,33
ff7remake,33
bandainamco,33
zelda,33
xenobladechroniclesx,33
gamers,33
finalfantasy,33
smashbros,33
snes,33
ff7rebirth,33
fridaynightfunkin,33
videogame,33
rougethebat,33
psx,33
finalfantasyiv,33
persona,33
chronotrigger,33
mariomovie,33
megaten,33
xenoblade_chronicles,33
finalfantasyvii,33
finalfantasyviii,33
depressionmemes,33
